step,mean_return,policy_loss,value_loss,entropy_loss,cpc_loss,infonce_loss,supcon_loss,aux_dyn_loss
2048,-1310.3241996847094,-0.0012002680858131498,9295.29119720459,-1.4223216637969016,7.023956298828125,3.9589178562164307,4.045854091644287,2.6604528427124023
4096,-1186.422566214204,-0.0007019861208391376,7563.678070068359,-1.4211347963660956,5.3877787590026855,3.4638824462890625,4.649628639221191,1.4589334726333618
6144,-1238.8032383039595,-0.004562218635692261,8206.561807250977,-1.4172113317996264,4.705109596252441,3.491048812866211,4.50518798828125,0.7635419368743896
8192,-1273.6789035772904,-0.0018897228947025724,8020.703170776367,-1.415933207049966,4.997799396514893,3.4714276790618896,4.297654628753662,1.0966061353683472
10240,-1310.8993834216149,-0.0033857549511594697,8422.90405883789,-1.4269246120005845,4.59812068939209,3.6300418376922607,4.197134017944336,0.5483656525611877
12288,-1163.6333310728892,-0.0031556130561511964,7000.855717468262,-1.4302186887711286,4.073433876037598,3.3684918880462646,3.9195704460144043,0.3129848539829254
14336,-1201.497005677037,-0.001542408115346916,6637.907865905761,-1.4230641033500433,3.959883689880371,3.1898460388183594,4.0279221534729,0.3672454059123993
16384,-1126.6258603548747,-0.0026014918723376466,5537.984665679932,-1.4117553144693376,4.117354393005371,3.3323185443878174,4.152390003204346,0.3697967231273651
18432,-1317.476076490432,-0.0017703261284623296,7224.754025268555,-1.4155075065791607,4.13362455368042,3.441150426864624,3.922635078430176,0.3002108335494995
20480,-1406.9882371664048,-1.0063535592053086e-05,7522.942277526856,-1.4287316005676984,4.326674938201904,3.6658592224121094,4.051398277282715,0.25567588210105896
22528,-1293.9160358957947,-0.0024854599192622117,6979.310000610351,-1.4257900826632977,3.954968214035034,3.278503656387329,3.8814587593078613,0.2883187234401703
24576,-1211.7311706587673,-0.0010769472653919365,5677.115502929688,-1.4179335672408342,3.8310728073120117,3.2939414978027344,3.776571750640869,0.1594741940498352
26624,-1319.6309686635855,-0.0025876570769469255,5960.009820556641,-1.4171176992356778,4.067451000213623,3.4922192096710205,4.006669044494629,0.17456471920013428
28672,-1211.5016061892734,-0.0010842194053111598,4314.556520080567,-1.4192955687642097,3.797132968902588,3.2687342166900635,3.9595797061920166,0.13244087994098663
30720,-1251.3675168320538,-0.0020968562763300723,4693.767799377441,-1.4049673952162265,3.943904399871826,3.369847536087036,4.057735919952393,0.16828329861164093
32768,-1083.2872853048145,-0.005012834959779866,3565.4669799804688,-1.38738354742527,3.7037932872772217,3.169640302658081,4.096850872039795,0.12446781992912292
34816,-1235.5253857526927,-0.005045788918505423,3895.331903076172,-1.3812714237719774,3.934713363647461,3.361309766769409,4.0755767822265625,0.16584596037864685
36864,-1244.9571574410425,-0.003310138477536384,4185.373476409912,-1.368885899707675,3.9057633876800537,3.390132188796997,4.063204765319824,0.10931068658828735
38912,-1465.7178008515389,-0.00197158484661486,5432.442395782471,-1.3549717351794244,4.085657119750977,3.592209815979004,3.86977481842041,0.10646986216306686
40960,-1288.174115116149,-0.00021835934821865522,3949.278197479248,-1.3496467396616936,3.9148292541503906,3.420269012451172,3.9588496685028076,0.09867533296346664
43008,-1251.7754832543433,-0.0015820478976820596,3506.2052810668947,-1.3407083489000797,3.833265781402588,3.33060359954834,3.946110248565674,0.10805118083953857
45056,-1140.2384948112071,-0.003908994956873357,2425.601978302002,-1.3155481841415166,3.833660364151001,3.316176176071167,4.075967311859131,0.10988730937242508
47104,-1159.399396274984,-0.0012392036653182004,2118.666508102417,-1.3023888528347016,3.8252227306365967,3.3329145908355713,3.9231948852539062,0.09998863190412521
49152,-1216.0178254911211,-0.00232775754557224,3050.2739650726317,-1.2961191546171904,3.897435188293457,3.4466984272003174,3.8264033794403076,0.06809639185667038
51200,-1277.6970613376936,-0.0013536392056266778,2855.890200805664,-1.2938651978969573,3.879692316055298,3.4210474491119385,3.663663387298584,0.09227848798036575
53248,-1316.6548179417848,-0.0016972619836451487,2775.2606464385985,-1.295961858332157,4.070251941680908,3.5754308700561523,3.938035488128662,0.10101761668920517
55296,-1257.6179782777094,-0.0024682912131538614,2406.8288776397703,-1.2940189611166715,3.8157718181610107,3.39322829246521,3.608567714691162,0.06168666109442711
57344,-1266.4488919839264,-0.004240327548177447,2186.8398864746096,-1.276058056950569,3.9639220237731934,3.531839370727539,3.7315731048583984,0.058925289660692215
59392,-1371.1918625472113,-0.002073294222645927,2857.8170665740968,-1.2589058924466372,3.905151128768921,3.4965598583221436,3.3943910598754883,0.06915205717086792
61440,-1273.4178412901704,-0.006728763532009907,2021.2833095550536,-1.2561611246317625,3.8142874240875244,3.4053566455841064,3.554689407348633,0.05346172675490379
63488,-1329.4411456614732,-0.0018979801810928621,1776.996849822998,-1.25403401106596,3.9852044582366943,3.5453460216522217,3.685136556625366,0.07134480029344559
65536,-1173.069981265068,6.126236985437572e-06,1344.5807098388673,-1.2657761465758086,3.8857765197753906,3.4374125003814697,3.776095151901245,0.07075455784797668
67584,-1122.273518358171,-0.006254432807327248,1106.955286026001,-1.2727042987942696,3.7747278213500977,3.3091299533843994,4.136007785797119,0.05199717357754707
69632,-1130.9280074523763,-0.0011354690825100989,856.4501892089844,-1.2583350155502557,3.7199161052703857,3.291689872741699,3.908071517944336,0.037419114261865616
71680,-1161.374589682743,-0.0033041433081962166,901.1181770324707,-1.2580876845866442,3.728834629058838,3.2939586639404297,3.8592581748962402,0.04895025119185448
73728,-1164.1554489109665,-0.003254013585683424,1392.4177232742309,-1.2736183822154998,3.7210779190063477,3.30751633644104,3.7275302410125732,0.0408087819814682
75776,-1264.109454085678,-0.003409630175156053,946.920020866394,-1.2751567862927913,3.755625009536743,3.3508691787719727,3.5695879459381104,0.0477970726788044
77824,-984.1911361286882,-0.0007722255089902319,606.546903514862,-1.2669736236333846,3.6245129108428955,3.1719913482666016,4.005967617034912,0.051924753934144974
79872,-1115.3376530334353,-0.001110521448572399,756.5313507080078,-1.2599928736686707,3.6153509616851807,3.201726198196411,3.548266887664795,0.058798033744096756
81920,-1091.504798104614,-0.0019236313935834914,754.3654879570007,-1.2527310285717248,3.617233991622925,3.174290418624878,4.012529373168945,0.04169061779975891
83968,-1026.4838423560839,-0.0038355654571205376,785.1141780853271,-1.2481150973588229,3.592374801635742,3.1700563430786133,3.8318915367126465,0.03912924602627754
86016,-1052.5800580874086,-0.0033994290002738125,797.5895058631897,-1.2415587529540062,3.61194109916687,3.1764495372772217,4.027026653289795,0.03278900682926178
88064,-1008.9043798669242,-0.0030180567264324054,431.2794451236725,-1.2336345199495553,3.4613795280456543,3.039348840713501,3.967836380004883,0.025247052311897278
90112,-916.5380661744915,-0.0029588011777377686,664.2598296165467,-1.2316079415380954,3.6218297481536865,3.1929290294647217,3.8791146278381348,0.040989186614751816
92160,-1090.1050132788719,-0.002900857368513243,967.4966621398926,-1.2341759666800498,3.5577142238616943,3.1357667446136475,3.8390445709228516,0.03804309293627739
94208,-1003.7678008757066,-0.0061958607140695674,784.0433734893799,-1.234693493694067,3.440882921218872,3.058980941772461,3.596672534942627,0.022234678268432617
96256,-1089.8808520180405,-0.0030653317051474007,457.7671075344086,-1.2335983660072087,3.721073865890503,3.334608793258667,3.5040552616119385,0.036059703677892685
98304,-985.0272912978195,-0.004504569892014842,815.5847640991211,-1.221959699317813,3.6356351375579834,3.1850383281707764,3.9316744804382324,0.05742938444018364
100352,-1024.1657766258809,-0.004065792883920949,909.3186734199523,-1.2100738625973464,3.531130313873291,3.129573106765747,3.652684211730957,0.03628876432776451
